value,parameter
0.99,alpha
2.2408709238961015,R0
0.1923076923076923,sigma
0.22600576960079702,gamma
